<?xml version="1.0" encoding="UTF-8"?>
<project-private xmlns="http://www.netbeans.org/ns/project-private/1">
    <editor-bookmarks xmlns="http://www.netbeans.org/ns/editor-bookmarks/2" lastBookmarkId="0"/>
    <open-files xmlns="http://www.netbeans.org/ns/projectui-open-files/2">
        <group>
            <file>file:/C:/Users/MSI%20MODERN/Documents/NetBeansProjects/Laundry%20Managment%20System/src/laundry/managment/system/PlaceOrder.java</file>
            <file>file:/C:/Users/MSI%20MODERN/Documents/NetBeansProjects/Laundry%20Managment%20System/src/laundry/managment/system/Signup.java</file>
            <file>file:/C:/Users/MSI%20MODERN/Documents/NetBeansProjects/Laundry%20Managment%20System/src/laundry/managment/system/ManageCategory.java</file>
            <file>file:/C:/Users/MSI%20MODERN/Documents/NetBeansProjects/Laundry%20Managment%20System/src/model/Bill.java</file>
            <file>file:/C:/Users/MSI%20MODERN/Documents/NetBeansProjects/Laundry%20Managment%20System/src/dao/ProductDao.java</file>
            <file>file:/C:/Users/MSI%20MODERN/Documents/NetBeansProjects/Laundry%20Managment%20System/src/dao/DbOperation.java</file>
            <file>file:/C:/Users/MSI%20MODERN/Documents/NetBeansProjects/Laundry%20Managment%20System/src/dao/ConnectionProvider.java</file>
            <file>file:/C:/Users/MSI%20MODERN/Documents/NetBeansProjects/Laundry%20Managment%20System/src/laundry/managment/system/Home.java</file>
            <file>file:/C:/Users/MSI%20MODERN/Documents/NetBeansProjects/Laundry%20Managment%20System/src/dao/tables.java</file>
            <file>file:/C:/Users/MSI%20MODERN/Documents/NetBeansProjects/Laundry%20Managment%20System/src/dao/BillDao.java</file>
            <file>file:/C:/Users/MSI%20MODERN/Documents/NetBeansProjects/Laundry%20Managment%20System/src/laundry/managment/system/Login.java</file>
            <file>file:/C:/Users/MSI%20MODERN/Documents/NetBeansProjects/Laundry%20Managment%20System/src/dao/UserDao.java</file>
        </group>
    </open-files>
</project-private>
